"name","length","popularity","key","danceability"
"God O.D., Pt.1",318920,31,"E",0.812
"ZEZE (feat. Travis Scott & Offset)",225199,91,"F",0.826
"Your Lovin' (feat. MØ & Yxng Bane)",203972,72,"A",0.502
"Enjoy the Silence",255133,71,"A",0.663
"Fight Song",204013,79,"E",0.564
"Chasing Fire - Robin Schulz Remix",217678,23,"D",0.607
"Ace",182752,66,"G",0.687
"My Own Worst Enemy",169026,73,"Db",0.494
"Hot N Cold",220226,69,"E",0.706
"Flagpole Sitta",217266,64,"E",0.351
"Breathe",207626,30,"Ab",0.719
"Young",204160,46,"Bb",0.62
"Watch Out",220381,18,"F",0.55
"Sweet Caroline",112360,38,"A",0.563
"Ooh Yea (feat. Ty Dolla $ign)",208026,70,"G",0.77
"Los Sabanales",158515,46,"B",0.83
"Nonchalant",183454,67,"Ab",0.568
"Never Recover (Lil Baby & Gunna, Drake)",194732,89,"Bb",0.757
"Lil' Boy Fresh",233866,40,"Ab",0.531
"Over the Moon",130455,38,"Eb",0.833
"Lejos",239973,29,"Eb",0.536
"LATATA",202772,74,"Gb",0.774
"Your Side Of The Bed",197200,43,"F",0.776
"MIA (feat. Drake)",210367,94,"Eb",0.818
"BISC049: So Clear",187820,26,"F",0.593
"Juntos (Together) - From ""McFarland, USA""",200466,44,"G",0.707
"Sense of Home",265840,72,"C",0.565
"No Sides",209280,45,"D",0.772
"Something Familiar",145466,60,"A",0.491
"Wannabe",173026,81,"Ab",0.768
"Just Dropped In (My Condition) [feat. Joe Cleere] - Mesto Remix",215417,45,"B",0.815
"Locomotive Breath",266013,60,"Ab",0.693
"Dark Side",204600,56,"B",0.329
"Slam",218506,23,"Db",0.878
"Here on My Own",350260,57,"Bb",0.793
"Bidi Bidi Bom Bom",187560,64,"G",0.569
"Corazón Con Candado",262653,37,"A",0.788
"Crazy Arms",152906,40,"D",0.506
"One Kiss - Jauz Remix",252845,28,"A",0.741
"Not Alike (feat. Royce Da 5'9)",288086,88,"G",0.904
"El Bosque",240320,3,"D",0.604
"Angel Down - Work Tape",139826,14,"A",0.651
"100% Feminista",199500,48,"Bb",0.795
"99 Pace",197147,0,"Ab",0.661
"All the Juice 2",228205,30,"G",0.809
"Frostbite (Remix) (feat. Offset & Rich The Kid)",253866,65,"Bb",0.958
"Kamikaze",139200,25,"F",0.796
"Electric Love",218160,43,"Eb",0.373
"Run Wild",159473,54,"Ab",0.582
"Blue (Da Ba Dee) - Sound of Legend Edit",178596,41,"E",0.576
"Pops",159786,62,"Ab",0.708
"I Like The Way",203000,58,"G",0.671
"The Final Countdown",310333,74,"Eb",0.536
"Age Ye Rooz",240160,43,"E",0.472
"Fake Friends",174774,67,"A",0.629
"No One",253813,79,"Bb",0.649
"Imagination",214840,32,"B",0.592
"Ramblin' Man",288160,70,"Bb",0.309
"Nobody Love",202933,6,"Bb",0.753
"Still New York",224914,74,"Bb",0.662
"Summer on You",205791,77,"Db",0.811
"Birthday Bitch",197466,61,"A",0.963
"I Don't Want To Change You",326206,57,"Db",0.41
"Midnight Blue",279984,50,"G",0.681
"Hungry Heart",199453,68,"F",0.641
"Retronyms",118776,27,"B",0.723
"Salvation",190480,55,"A",0.567
"Ain't No Half-Steppin'",319906,57,"G",0.836
"Bad At Love",181279,81,"A",0.675
"BIG BANK (feat. 2 Chainz, Big Sean, Nicki Minaj)",237240,88,"Bb",0.745
"HYFR (Hell Ya Fucking Right)",206626,50,"E",0.444
"Headhunter V1.0",302640,43,"Eb",0.846
"Ay Caramba",211525,76,"Bb",0.629
"Verde, amarillo y rojo",338146,62,"Db",0.389
"The Middle",184732,55,"E",0.748
"Faking It",167625,69,"Bb",0.646
"Living For The City",443000,27,"Ab",0.583
"Flesh and Bone",272066,40,"D",0.496
"Give Until It Hurts",285468,37,"Db",0.503
"Something Just Like This",247626,79,"Ab",0.607
"Jumped Out The Whip (feat. A$AP Rocky)",216373,53,"B",0.811
"Finesse",182080,55,"A",0.807
"Money Set (feat. Young Thug)",189535,65,"Eb",0.862
"Two of Us on the Run",275628,15,"B",0.441
"High (feat. Elton John)",195160,81,"G",0.759
"Do U?",251960,53,"Bb",0.617
"Thank You",197070,43,"A",0.799
"Chug-A-Lug",123360,44,"Ab",0.699
"Catch Up (feat. Chief Keef)",190720,69,"Bb",0.62
"Without Me",201660,92,"Eb",0.752
"Mama Look At Me Now",178131,71,"G",0.59
"Woooo",244000,0,"A",0.784
"Goin Thru Some Thangz",185200,62,"Eb",0.777
"Closing Time",273533,33,"E",0.481
"Better Not (feat. Wafia)",222865,80,"Gb",0.783
"Treat You Better",273666,44,"F",0.612
"Hey, Soul Sister",216773,65,"Bb",0.677
"Vent",164935,52,"G",0.459
"Celebrate",243173,58,"B",0.66
"Always Remember Us This Way",210200,79,"A",0.541
"KITKAT (Prod. WOOGIE)",193868,43,"A",0.855
"harbor",132968,45,"D",0.559
"Legend",189120,4,"B",0.603
"(There's Gotta Be) More To Life",200016,56,"Bb",0.58
"Young Again",219534,51,"E",0.572
"Lights Down Low - Not Your Dope Remix",216319,52,"A",0.596
"Never Not",208000,76,"D",0.47
"Ven Bailalo",252493,69,"Db",0.675
"Hit the Road Jack",120173,13,"F",0.599
"Catie Rae",132453,19,"G",0.344
"Britney",206283,20,"Eb",0.574
"Never Created, Never Destroyed",211710,28,"E",0.87
"Fight The Power",282640,56,"B",0.797
"I'm Movin' On",167920,33,"B",0.569
"The Art of Abstraight Rap Display",161495,41,"C",0.687
"Hip Hop Hooray",267266,69,"Eb",0.862
"Make it Better - 2018 Mix",236117,45,"Gb",0.576
"Reach Up",202840,32,"Gb",0.817
"Do Not Disturb",252666,56,"Bb",0.597
"Safely",142767,33,"Bb",0.621
"Death Do Us Part",265746,57,"Bb",0.396
"When the Night is Over",311226,22,"Eb",0.686
"WOAH",141000,42,"Ab",0.616
"That's All She Wrote (feat. Eminem)",318360,6,"E",0.496
"Freak On",163186,57,"E",0.767
"Waiting",184320,54,"F",0.236
"House Of The Rising Sun",271280,70,"Gb",0.295
"La Jaula De Oro",181666,54,"Gb",0.59
"I Awoke",277120,17,"Bb",0.545
"Who'll Stop The Rain",147493,66,"E",0.598
"What a Fool Believes - Live",252066,51,"Gb",0.5
"My Number",240533,72,"Eb",0.639
"La Soledad",263493,59,"F",0.593
"Clarity (feat. Dave East & Bino Rideaux)",192705,46,"Bb",0.532
"FOR WHICH I DANCE",191599,37,"B",0.602
"Confession",212703,37,"E",0.883
"Don't You Want Me - 2002 - Remaster",238000,23,"Gb",0.734
"Testify",210133,66,"E",0.47
"Light",240500,8,"Bb",0.572
"Break Ya Neck",231666,45,"Db",0.826
"Coco Jamboo - Radio Version",218733,20,"Bb",0.832
"DNA.",185946,53,"G",0.64
"Bullet",208493,41,"Bb",0.545
"Drip Too Hard",145603,91,"Bb",0.9
"Hijo de Su Madre",178009,61,"D",0.829
"Boblo Boat (feat. J. Cole)",282300,57,"A",0.617
"Inside Out",301960,50,"A",0.619
"Too Far Gone",213576,47,"A",0.787
"Moondance",274040,51,"Gb",0.606
"Ganja Burn",294186,73,"Bb",0.755
"The Girl Plays",188411,67,"C",0.385
"Come Fly With Me",180413,7,"Ab",0.826
"Saturday Sun",214720,60,"F",0.637
"Mad Love",199944,67,"Ab",0.804
"Crash",202000,39,"Gb",0.672
"HandClap",193173,59,"F",0.633
"Heart Attack (feat. Tove Lo)",167317,47,"Ab",0.816
"Keep on Loving You - Remastered",200293,71,"A",0.306
"Not Going Home",194960,10,"Eb",0.749
"One",282386,56,"A",0.521
"Jump",300094,23,"F",0.571
"Cool Kids",237626,72,"F",0.719
"Promises (with Sam Smith)",213309,98,"Ab",0.781
"Beat It - Single Version",257906,68,"C",0.782
"Speechless",212745,80,"Bb",0.631
"Stay (with Alessia Cara)",210090,84,"D",0.69
"Mi Cucu",234706,54,"E",0.743
"Slumdog Millionaire",195040,52,"B",0.576
"Never Call Me (feat. YG) - Remix",232240,73,"B",0.595
"Dream Walkin'",235626,42,"D",0.702
"Leave Me Alone",195637,88,"E",0.792
"Del Ey Del",351893,30,"G",0.525
"Time's Always Leaving",197120,46,"B",0.543
"Crumbs",112879,45,"G",0.815
"Farda",206305,20,"A",0.495
"Fine China",142320,77,"E",0.656
"Here Comes The Night",286880,59,"G",0.47
"Amorzinho - Piano Version",216023,65,"F",0.504
"The End",238491,48,"G",0.49
"Meant to Be (feat. Florida Georgia Line)",163870,88,"G",0.643
"My Girl",165000,80,"A",0.579
"Bia Benevisim",315520,34,"Gb",0.464
"Now That We Found Love",257693,45,"F",0.72
"Crazy In Love",236133,79,"B",0.646
"Quiero Saber",166093,49,"Eb",0.701
"You Were Mine",217807,55,"Gb",0.542
"Show Yourself",182893,57,"F",0.468
"426",298161,44,"E",0.448
"Fragments Café",234666,55,"G",0.161
"Ahla Haga Feeki - DJ Mix",242711,35,"Gb",0.842
"Veranito de San Juan",273800,37,"Db",0.565
"Raunchy",144826,30,"B",0.506
"Highlander",238000,24,"Bb",0.788
"Tough",229282,68,"Bb",0.627
"No Scrubs",214400,81,"F",0.743
"Consequences - orchestra",181913,79,"A",0.547
"With You (feat. Wrabel)",210573,63,"A",0.618
"La Raza",209066,51,"Bb",0.801
"Light (feat. Little Dragon)",253533,47,"Bb",0.574
"Baby, I'm In Love",234306,34,"F",0.574
"Mirrors",484146,67,"D",0.574
"Plazos Traicioneros",173226,41,"Gb",0.445
"You're In Love",194106,55,"E",0.567
"Dusty Snare",193607,46,"Bb",0.917
"Nervous (feat. Lil Baby, Jay Critch & Rich the Kid)",230408,79,"G",0.68
"In the Shadows",257920,68,"B",0.6
"Like I Do",202500,83,"A",0.635
"Tradición",320026,29,"A",0.571
"Gole Sang",335333,31,"Db",0.347
"Upstairs Boogie",136560,37,"G",0.593
"Thank the Lord",201943,42,"Ab",0.68
"The Freshmen",269466,65,"Bb",0.571
"One Has My Name (The Other Has My Heart)",168160,21,"Gb",0.726
"Alguna Solución",270000,34,"Gb",0.703
"Nephew (feat. Lil Pump)",202962,84,"Gb",0.792
"Valió la Pena - Salsa Version",289466,60,"Gb",0.521
"Go Bang",664573,35,"Bb",0.73
"Love Someone",205463,87,"Gb",0.55
"Blue Monday - 2016 Remastered Version",450800,73,"A",0.793
"Backside of Thirty",156946,25,"E",0.641
"Dip",127200,82,"Gb",0.877
"Never Recover (Lil Baby & Gunna, Drake)",194732,89,"Bb",0.757
"Dear Maria, Count Me In",182826,69,"B",0.465
"Last Resort",199893,81,"Db",0.581
"You Give Love A Bad Name",223146,37,"A",0.53
"Psycho",316717,70,"B",0.555
"REMEDY",190295,90,"A",0.601
"Bones",197680,1,"Eb",0.349
"Dance, Dance",180266,31,"Ab",0.62
"I'm Shakin'",180173,51,"Ab",0.586
"El Jefe De La Sierra",216733,1,"F",0.731
"Great Balls of Fire",111240,50,"G",0.592
"Legend",189120,72,"B",0.599
"Lil Booties Matter",193693,54,"D",0.863
"Todo",189233,40,"A",0.782
"Winterwalk",240000,45,"Bb",0.545
"Post Break-Up Sex",176346,2,"D",0.404
"Push It",208600,60,"E",0.665
"Sweetest Thing",218502,69,"B",0.546
"Closer",244960,87,"F",0.748
"CLAP",167797,68,"F",0.722
"Miles Away",232000,56,"C",0.556
"I Feel It",180406,51,"Bb",0.413
"Lost In Japan - Remix",201253,85,"E",0.694
"Soul Sista",318666,50,"F",0.701
"Castle on the Hill",261153,83,"B",0.461
"Thank You",31373,19,"E",0.273
"Apologize",208106,72,"F",0.591
"Wonderland",220563,25,"Db",0.366
"Taylor Swift 1989 Medley",179880,59,"B",0.664
"Minimal Steps",330710,53,"A",0.507
"Hound Dog",133293,12,"D",0.343
"Barbie Girl",197773,63,"Bb",0.814
"Gigantic",237706,56,"E",0.385
"So Mi So",245182,57,"B",0.754
"Deacon Blues",456640,58,"A",0.751
"Ruin My Life",190931,62,"Ab",0.665
"Still Tippin' (feat. Slim Thug and Paul Wall)",271053,60,"Eb",0.86
"La Tortura",212893,76,"A",0.74
"Electricity (with Dua Lipa)",238173,94,"A",0.588
"Like Mariah",208186,57,"Db",0.735
"Dip",127200,82,"Gb",0.877
"Lovefool - Radio Edit",193893,75,"Gb",0.64
"Jose Cuervo",162840,47,"E",0.695
"Poison",261866,49,"Eb",0.838
"JCB",228226,49,"B",0.583
"Baby Outlaw",199840,18,"A",0.479
"Really Meant",151687,44,"Gb",0.814
"Better",229320,44,"A",0.695
"Our Lips Are Sealed",171506,51,"A",0.72
"Diamonds",144761,47,"A",0.772
"Forever & Ever More",208133,26,"F",0.289
"A Drop In The Ocean",293647,52,"A",0.199
"Take You Down",221294,73,"Ab",0.285
"X - Remix",235746,89,"Gb",0.663
"ZEZE (feat. Travis Scott & Offset)",225199,91,"F",0.826
"Trip",217118,87,"Ab",0.717
"Borrowed Time",120750,62,"Eb",0.611
"My City",180964,49,"Db",0.35
"Cariño",258713,61,"A",0.647
"Shine",306040,67,"Eb",0.54
"Eastside (with Halsey & Khalid)",173799,98,"Eb",0.56
"Make War",203448,59,"E",0.446
"Drown",234055,70,"A",0.674
"My Own Grave",253317,65,"D",0.474
"Nothing to Regret",208485,75,"D",0.697
"Under The Bridge",264306,83,"Db",0.559
"Tongue Tied",218013,77,"C",0.56
"Riff Off: Mickey/Like A Virgin/Hit Me With Your Best Shot/S&M/Let’s Talk About Sex/I’ll Make Love To You/Feels Like The First Time/No Diggity",223840,58,"C",0.577
"DDU-DU DDU-DU",209355,84,"Db",0.671
"The Grand Tour",187373,53,"G",0.458
"Gully",168071,21,"F",0.83
"El profesor",219866,1,"Ab",0.948
"Chuki Fever",219066,52,"Ab",0.828
"What Would Meek Do?",153266,67,"Bb",0.678
"Have a Real Good Night (At JayDee's)",84894,52,"G",0.711
"Sunnnn",260842,49,"B",0.379
"Return Of The Mack",213093,73,"B",0.715
"Anaconda",260240,66,"Gb",0.964
"Quantize",70838,22,"C",0.575
"IN YA FEELINGS",137226,45,"Ab",0.96
"Slow Poke - Single Version",180560,29,"E",0.756
"Idle Town",236199,70,"E",0.625
"Particles - Island Songs VI",235204,20,"F",0.275
"Different League",180000,46,"Bb",0.919
"Nobody Wants to Be Lonely - Ricky Martin with Christina Aguilera",252706,53,"G",0.635
"Keep On Walking",227299,50,"Eb",0.729
"Dip",127200,82,"Gb",0.877
"Summertime Blues",281426,31,"A",0.745
"Banana Bread",286922,55,"Db",0.724
"MIA (feat. Drake)",210367,94,"Eb",0.818
"That'll Be The Day",136800,60,"Gb",0.651
"Gold Digger",207626,81,"Bb",0.638
"Feel The Love",165053,74,"A",0.58
"Jam On It",383600,52,"Eb",0.804
"Heads Will Roll",221000,64,"F",0.56
"You And Me - Naturalize Remix",427874,35,"Ab",0.752
"Material Girl",240280,73,"A",0.742
"Lula On The Beach",205213,33,"G",0.643
"Hello from the Edge of the Earth",214189,27,"Eb",0.556
"Te Me Fuiste",197094,22,"B",0.338
"Indigo Puff",231721,57,"B",0.585
"Bad For You",175714,41,"C",0.673
"Waiting For Love",230613,43,"Eb",0.577
"Anchor",257533,69,"Gb",0.457
"SICKO MODE",312820,97,"F",0.834
"I Am Who They Say I Am (feat. Kevin Gates and Quando Rondo)",200170,64,"Db",0.722
"Nurv",104480,35,"G",0.298
"Speaking Of",202247,56,"Bb",0.458
"Elephant Man",121986,52,"E",0.88
"Big Jet Plane",239120,1,"G",0.762
"Revenge",137116,28,"Eb",0.623
"Dos Gardenias",182973,4,"Db",0.547
"Never Be the Same - Radio Edit",227240,64,"A",0.627
"Worth It",241226,63,"Ab",0.442
"No Brainer",260000,94,"A",0.552
"Gorillas In The Bits",260649,0,"Ab",0.834
"Energy (Stay Far Away)",199521,73,"F",0.836
"Shame Resurrection",204390,40,"Gb",0.297
"Almost Like Praying (feat. Artists for Puerto Rico)",200457,53,"D",0.471
"Q.M.T.",165000,50,"F",0.685
"Say You'll Be There - シングル・ミックス",235973,68,"Bb",0.726
"Lies (feat. Lil Skies)",206386,77,"G",0.779
"Alakazam (feat. JME & Denzel Curry)",218000,60,"G",0.812
"Under My Skin",252920,31,"E",0.598
"Side Effects (feat. Emily Warren)",173613,70,"F",0.673
"Digital Dash",231231,34,"B",0.881
"Anywhere - 2016 Remastered",247213,41,"E",0.583
"Bailando por el Mundo",195240,63,"Db",0.698
"Brimful of Asha - Norman Cook Remix",238933,12,"Ab",0.663
"Guantanamera",199316,58,"G",0.744
"Permission Slip",209920,43,"Gb",0.485
"Dreamer - Alpha 9 Remix",205437,8,"D",0.567
"The Myth",114626,25,"Eb",0.576
"Cowboy Take Me Away",287266,66,"Eb",0.467
"Best Wishes",181253,42,"F",0.413
"Chelsea Dagger",215173,63,"E",0.519
"Where Did The Angels Go",190120,1,"E",0.512
"1942",213080,81,"Db",0.817
"Whatever Comes to Mind",249304,60,"G",0.542
"Outdoor Miner - 2006 Remastered Version",104506,1,"Db",0.568
"The Middle",184732,90,"E",0.753
"All Along the Watchtower",240800,78,"F",0.438
"Damn I Wish I Was Your Lover",323400,56,"B",0.563
"Midsummer Madness",280841,51,"Gb",0.409
"I Get Around (Mono) - Mono",134386,66,"Gb",0.39
"Sweet Caroline - Single Version",201800,58,"Ab",0.556
"Bun Up the Dance",214066,56,"Bb",0.476
"Tearing Me Up",470093,5,"A",0.705
"The Breach",253848,68,"Bb",0.629
"Thirteen Years",287995,35,"Bb",0.371
"Dime Que Me Quieres (Bring A Little Lovin)",195866,1,"Bb",0.746
"Everyday We Lit (feat. PnB Rock)",197170,72,"E",0.758
"Sharp Dressed Man - 2008 Remastered Version",258026,72,"D",0.601
"Take Me Out",237026,19,"Gb",0.279
"Seven and Seven Is",139160,34,"Gb",0.453
"Oops!...I Did It Again",211160,77,"Bb",0.751
"Shimmer - Single Version",213948,65,"E",0.263
"Like I Do",202500,83,"A",0.635
"With Me",419500,68,"A",0.771
"Yet Again",318423,54,"Db",0.472
"All They Wanna Be",168000,63,"C",0.684
"Stand Up for Something (feat. Common)",224306,45,"F",0.425
"Me and Julio Down by the Schoolyard",164813,71,"Gb",0.626
"Forget Me Not",191693,45,"C",0.546
"Heart Is A Drum",271106,52,"A",0.62
"I'm Not That Lonely Yet",165426,29,"D",0.577
"Bad Self Portraits",204786,2,"F",0.56
"Do Your Thing - Robbie Rivera Acid Remix",213442,21,"A",0.605
"Losing My Religion",268933,20,"Gb",0.7
"Earth Scar",309693,49,"E",0.267
"Not a Damn Thing Changed",193520,67,"Eb",0.8
"Glad You Came",198186,70,"E",0.755
"The Hand That Feeds",211680,61,"Gb",0.595
"Thunderclouds (with Sia, Diplo & Labrinth)",187026,93,"E",0.691
"Inhale",190730,35,"B",0.74
"River Flows In You - Original",185527,76,"Gb",0.31
"The Heart Of Me",239880,51,"D",0.58
"Don't Treat Me Bad",235360,54,"F",0.616
"Afterglow",225172,26,"E",0.587
"California Finally",201346,37,"D",0.367
"Come On Eileen",287306,72,"B",0.45
"Short Change Hero",322266,9,"Bb",0.68
"Waka Waka (This Time for Africa) [The Official 2010 FIFA World Cup (TM) Song]",202626,75,"Ab",0.766
"At My Front Door",158160,37,"F",0.511
"Backin' It Up (feat. Cardi B)",190466,78,"G",0.796
"Como Un Trueno",246266,43,"A",0.829
"Prendi (feat. Lirico En La Casa)",183533,42,"Eb",0.847
"Noticed",165000,91,"Ab",0.699
"2002",186986,87,"Bb",0.697
"Desperate Man",208733,74,"G",0.711
"Bad Bitch (feat. Ty Dolla $ign)",197253,72,"D",0.656
"The Golden Rocket",165000,31,"Db",0.71
"Easy",256426,75,"G",0.598
"Loser",235000,70,"Eb",0.66
"Make Your Mind Up",213066,6,"Gb",0.746
"You Say",274693,83,"D",0.494
"Honest",232135,46,"A",0.419
"Shou Hal Ossa",260746,4,"B",0.733
"I Can't Make You Love Me",332960,64,"E",0.588
"Dile",204600,49,"Gb",0.831
"Episode",150438,57,"E",0.368
"Look At You",195418,69,"Bb",0.687
"One Flow",165459,42,"B",0.595
"Ambition (feat. Meek Mill & Rick Ross)",302546,60,"F",0.42
"Papa Loves Mambo",161640,38,"A",0.648
"Entropy (feat. Dounia)",237516,46,"F",0.735
"Limit To Your Love",276720,61,"G",0.775
"Shimmer",224692,52,"Ab",0.472
"The Pain Freestyle",127869,38,"F",0.897
"Prophets Of Rage",190180,55,"D",0.621
"Follow Me",296619,57,"G",0.891
"Let You Love Me",190000,90,"G",0.531
"Ring (feat. Kehlani)",177139,82,"Bb",0.767
"Crazy Love",155453,54,"Gb",0.575
"Capital Letters",219386,30,"A",0.672
"Temple",98352,48,"D",0.645
"At My Weakest",217293,72,"G",0.636
"Hip Hop Be Bop (Original Version)",336173,38,"Bb",0.822
"California - Tchad Blake Mix",193933,69,"Db",0.4
"Straighten Up And Fly Right - 1990 Digital Remaster",146733,37,"D",0.638
"Telacuti",189188,59,"Eb",0.883
"Chanel (Go Get It) [feat. Gunna & Lil Baby]",201706,84,"Db",0.938
"Come Back To Me",185609,41,"Gb",0.409
"Fucking Shit Up",168986,54,"Bb",0.626
"Three Little Birds",180266,78,"Gb",0.807
"Balance",200973,56,"Ab",0.805
"Hotel California - Remastered",391376,83,"B",0.579
"Bodak Yellow",223962,76,"Ab",0.929
"Not Part of the Broken Hearts Club",147373,46,"Db",0.71
"Chocolate",224640,66,"Ab",0.591
"REMEDY",190295,90,"A",0.601
"Karma Police",264066,74,"E",0.36
"Shake It Off",219200,73,"E",0.648
"At Least I Know",323186,66,"B",0.708
"Realer N Realer",170920,0,"Bb",0.73
"The Watchtower",205577,74,"E",0.248
"Winning Streak",198946,47,"B",0.74
"In the Still of the Night",185333,43,"D",0.51
"Your Song",256746,56,"Gb",0.486
"Burn - feat. Big Sean",216666,49,"B",0.67
"Disappointed",135284,54,"E",0.75
"Shahre Gham",219626,20,"Gb",0.45
"Always",247842,49,"Db",0.542
"This Feeling",199226,92,"Bb",0.575
"Where Have You Gone (Anywhere)",158602,69,"D",0.618
"Wavybone",303000,58,"B",0.7
"I Kissed A Girl",179640,63,"D",0.699
"Deep Down",179533,73,"E",0.586
"Goodbye",166794,54,"B",0.452
"The One",232520,69,"Gb",0.43
"Black Wedding (feat. Rob Halford)",247373,66,"Bb",0.54
"Aura",102536,50,"Ab",0
"Tryin'",238568,56,"Gb",0.5
"Under The Bridge",265506,67,"Db",0.554
"Praise The Lord (Da Shine)",205040,55,"D",0.855
"Halo",261640,82,"Ab",0.508
"From Out of Nowhere",139293,36,"B",0.321
"Beautiful",238560,73,"D",0.457
"Younger",222120,62,"Ab",0.687
"Otra Era",244979,51,"B",0.534
"Pure Water",187398,64,"A",0.594
"Never Recover (Lil Baby & Gunna, Drake)",194732,89,"Bb",0.757
"100 Miles and Running (ft. Wale & John Lindahl)",353453,78,"E",0.844
"Lean Wit Me",175755,89,"Bb",0.665
"Perfume de Gardênia",179986,30,"B",0.582
"That's It (I'm Crazy)",204538,24,"D",0.798
"Immigrant",232853,68,"Bb",0.671
"KeeP IN tOUcH (feat. Bryson Tiller)",199462,74,"Ab",0.589
"Wasted Time",243800,52,"Gb",0.468
"How Soon Is Now? (2008 Remastered Version)",406986,52,"Bb",0.55
"What Lovers Do (feat. SZA)",199849,43,"D",0.795
"NFWMB",259253,69,"C",0.379
"Like a Rolling Stone",369600,72,"A",0.483
"El Matador",277600,11,"Db",0.566
"Le Dio Pami",234058,40,"Eb",0.842
"Drive",197386,63,"B",0.565
"(What A) Wonderful World - Remastered",125506,31,"Ab",0.524
"Rooftop to the Basement",204977,30,"Bb",0.845
"How I - h2the & REV-ENG remix",195630,42,"G",0.6
"No One Needs To Know",183960,52,"E",0.663
"My Way",172447,67,"B",0.747
"How Many Times",192000,14,"E",0.789
"Morning Light",220253,58,"Gb",0.457
"B.O.B. - Radio Mix",259360,36,"F",0.741
"I Can See Clearly Now - Edit",164733,66,"B",0.681
"If",237714,63,"E",0.951
"Por Ti",213616,36,"G",0.65
"To Dust",193066,18,"D",0.805
"Raise Your Glass",203333,75,"E",0.7
"Adding Up",206001,54,"A",0.831
"Born in the U.S.A.",278680,73,"Db",0.398
"Self Care",345133,87,"Bb",0.52
"Piece of My Heart",157266,56,"F",0.467
"Semi-Charmed Life",268360,76,"E",0.64
"Vibe",174788,33,"Ab",0.586
"Warning",222826,58,"A",0.562
"Jacaranda",176889,41,"Gb",0.741
"Waves - JordanXL Remix",194415,59,"Ab",0.703
"Dilemma",289173,79,"B",0.725
"Potato Salad",182493,77,"B",0.538
"Lean On",176561,15,"E",0.713
"Gold",225882,74,"F",0.6
"Let It Go",260533,76,"Bb",0.546
"Capital Letters",219386,30,"A",0.672
"Dance All Night",206333,60,"Bb",0.706
"Meteorite - Kideko Remix",233434,47,"B",0.758
"If U Seek Amy",216520,65,"Db",0.717
"repercussions",207613,43,"E",0.67
"Can't Stop",269000,81,"Gb",0.618
"Highway",201680,58,"Eb",0.457
"Why Try",202493,35,"D",0.737
"Stand By Me",172333,72,"G",0.883
"Just 4 You - Extended Mix",263404,37,"Eb",0.767
"Speechless",212745,80,"Bb",0.631
"Sweet Home Alabama",283800,82,"E",0.596
"Goodbye (feat. Nicki Minaj & Willy William)",195419,91,"A",0.643
"Blah",188440,47,"Ab",0.723
"Saian",252746,25,"B",0.952
"I've Been Everywhere - Remastered",164640,38,"Eb",0.449
"House of the Rising Sun",181813,45,"Eb",0.45
"Praise The Lord (Da Shine)",205040,91,"D",0.85
"Never Give Up",221986,70,"Eb",0.568
"Run the World (Girls)",236093,77,"A",0.733
"Back & Forth",196214,81,"G",0.684
"Mad World",215400,25,"Db",0.646
"I Could've Been Your Lover Too",189626,57,"Ab",0.784
"Rondando Tu Esquina",158333,51,"C",0.877
"Chop It (Blvk Sheep Remix)",156004,52,"Ab",0.709
"Dámaso",159026,68,"B",0.58
"Come On Eileen",287306,72,"B",0.45
"Take It or Leave It",183468,58,"Eb",0.69
"Pink Lemonade",252933,22,"Bb",0.474
"Many Dips",120000,56,"E",0.507
"Love Like We Used To",227056,47,"Bb",0.701
"Monster",378893,72,"B",0.628
"Sadness Is A Blessing",240752,44,"A",0.313
"Into The Valley",199466,43,"E",0.332
"Over My Head (Cable Car)",236266,73,"F",0.592
"My Pace",189325,74,"Ab",0.682
"La Gata Bajo la Lluvia",219106,57,"E",0.499
"One Last Time",197266,81,"F",0.628
"STOOPID",152000,90,"Ab",0.733
"Give It Up (Remix) (feat. Bad Bunny, Tory Lanez & Flow Mafia)",244670,41,"D",0.736
"Me encanta - I love it",158349,39,"A",0.748
"Nephew (feat. Lil Pump)",202962,84,"Gb",0.792
"Big Yellow Taxi",134800,67,"Db",0.611
"REEL IT IN",121346,87,"G",0.754
"Ice Ice Baby",254466,71,"B",0.978
"Loyal",220080,60,"Bb",0.649
"Freedom",203994,0,"D",0.286
"La Vida Es Un Carnaval",275253,24,"F",0.82
"Bacc To The Basics",209881,63,"F",0.835
"Book Of Love - Single Version",138986,16,"G",0.484
"Anaconda",260240,66,"Gb",0.964
"Cucala",229373,34,"E",0.675
"How You Like Me Now",217493,17,"A",0.647
"weekends",200727,46,"A",0.702
"Dirrty",298853,41,"B",0.64
"Waiting",236350,48,"G",0.554
"Baba O'Riley (Radio Edit)",251706,35,"Eb",0.596
"Brown Eyed Girl",183306,80,"E",0.491
"Quisiera Yo Tener",303533,41,"E",0.506
"Says She Loves Me",219240,6,"E",0.814
"this again..",135384,64,"F",0.517
"White Room",303200,71,"B",0.547
"Moaner",189714,35,"Bb",0.504
"& Down",258133,0,"Bb",0.619
"Trust My Lonely",199706,76,"A",0.583
"A Warrior's Call",263080,64,"G",0.374
"Imported (feat. JRM)",246320,15,"B",0.791
"In Love Wit Da Trap",153773,42,"Bb",0.799
"Better Man",263120,62,"D",0.514
"I Can't Explain - Mono Version",125320,10,"Gb",0.567
"Loss",118932,50,"Gb",0.527
"Vices",196225,8,"Gb",0.722
"Terry",289492,33,"Bb",0.376
"Up Now (feat. G-Eazy and Rich The Kid)",198087,72,"Bb",0.956
"Slip Away",177706,53,"Gb",0.428
"You & Me",181524,30,"Db",0.398
"Tres Veces Mojado",169346,37,"Gb",0.851
"The Woods - Acoustic",239960,68,"Gb",0.571
"Samsara",211884,66,"Ab",0.489
"Bad At Love - Recorded at Sound Stage Studios Nashville",181000,66,"D",0.767
"Speedoo",141583,39,"C",0.489
"Killer Whales",222760,55,"F",0.416
"Love Like This - 2016 Remaster",271920,45,"A",0.709
"A Good Night",203453,73,"G",0.53
"Lloraras",221007,69,"Gb",0.708
"do re mi",212027,4,"F",0.747
"Rush",101053,52,"B",0.699
"Visions",323266,54,"Eb",0.478
"Cum on Feel the Noize",290960,68,"Ab",0.409
"Over You",204853,64,"C",0.423
"Cuchifrito",454291,46,"E",0.546
"Come Out and Play",197800,11,"E",0.514
"Universe",209266,40,"G",0.468
"Snow In Gothenburg",223218,51,"D",0.393
"Happy Without Me",206946,69,"Bb",0.57
"Only One",190731,70,"F",0.497
"You'll Be Fine",213394,63,"Bb",0.27
"Take Me Out",237026,77,"Gb",0.278
"Valey",243272,13,"B",0.683
"Never Recover (Lil Baby & Gunna, Drake)",194732,89,"Bb",0.757
"I Did It!",212591,35,"B",0.426
"Six Days On The Road",134706,35,"E",0.701
"A to Z",208383,47,"Gb",0.711
"You Say",274693,83,"D",0.494
"Indita Mia",227226,20,"D",0.645
"Fat Lip",178266,31,"Gb",0.405
"You Can't Hurry Love",175346,34,"E",0.639
"Africa",238148,73,"F",0.5
"Back to Autumn",199653,69,"F",0.478
"That's What I Like",206693,86,"Bb",0.853
"Candy Coated Dreamer",210773,38,"A",0.722
"White Dress",223286,46,"Db",0.641
"If I Were a Boy",109213,17,"Gb",0.222
"Vapour Trail",257666,31,"Db",0.406
"Back Again",176960,66,"Gb",0.634
"Chaos And Earthquakes",225133,66,"G",0.524
"Baby Please",134743,58,"Ab",0.703
"Dream Lover",150706,51,"D",0.526
"What I Know Now (feat. Wiz Khalifa)",180853,67,"Eb",0.615
"Catchin' The Vibe",163413,51,"Bb",0.904
"My Heart's Always Yours",253601,45,"A",0.554
"I don’t blame you",180000,41,"Ab",0.68
"Midnight Hour",197973,48,"A",0.323
"Nuestra Canción",203253,51,"G",0.778
"Walk It Talk It",276147,46,"Gb",0.909
"Send Me the Pillow You Dream On",147440,46,"C",0.595
"Sugar Dumplin'",145946,35,"Db",0.626
"FEFE (feat. Nicki Minaj & Murda Beatz)",179404,96,"Bb",0.931
"This Time",188160,55,"Eb",0.578
"Change Lanes",205861,70,"B",0.706
"Riders On The Storm",434720,74,"Ab",0.549
"Don't Stop Me Now - Remastered",209413,75,"D",0.559
"Many Lives",286066,0,"Eb",0.637
"Sunday Afternoon",90379,54,"Eb",0.728
"My Niggaz (feat. Mozzy)",303699,17,"A",0.441
"Little Talks",266600,76,"Bb",0.446
"Do It Right",213211,33,"D",0.813
"The Light",222068,55,"Eb",0.236
"Good Drank",222706,68,"Db",0.836
"El Gato Volador",113867,54,"Eb",0.958
"The Sun Ain't Gonna Shine Anymore - Stereo Version",179440,14,"B",0.436
"Colors - Coca-Cola® Anthem, 2018 FIFA World CupTM",187389,76,"F",0.707
"Un Cafe Para Platon",242560,47,"Gb",0.346
"Mercy",208733,21,"Ab",0.568
"Magic Stick",334413,56,"B",0.862
"5 Years Time",214920,59,"A",0.8
"Uno Más",227999,36,"Db",0.882
"Raising",169687,50,"D",0.562
"High Highs to Low Lows",234000,55,"A",0.571
"Stay (with Alessia Cara)",210090,84,"D",0.69
"Bang",145500,0,"E",0.74
"Frikitona",183133,64,"B",0.944
"Balenciaga Challenge (feat. Offset)",187216,78,"G",0.746
"Welcome to Atlanta",200840,56,"C",0.751
"Golden (Acoustic)",307312,58,"Db",0.359
"Angels",210960,3,"Eb",0.677
"Do You Really Want It",233333,60,"E",0.223
"Game Over",155644,67,"Bb",0.606
"Bye Bye Bye",199640,66,"F",0.571
"Absolute Zero",229840,68,"Bb",0.552
"Lie",247320,52,"Ab",0.423
"Mala Mujer",233280,53,"Gb",0.529
"Alabina - Original 1996",225666,40,"Db",0.636
"Pam Pam",227280,69,"G",0.879
"It's So Easy",201360,58,"F",0.375
"Electricity (with Dua Lipa)",238173,94,"A",0.588
"Still New York",224914,74,"Bb",0.662
"(Don't Fear) The Reaper",308440,19,"Gb",0.368
"TUI",110445,55,"D",0.6
"Mala Mía",183752,91,"Eb",0.749
"All The Small Things",168000,80,"A",0.439
"Chateau - ARTY Remix",227244,58,"D",0.552
"High (feat. Elton John)",195160,81,"G",0.759
"Dream Baby Dream",384906,52,"Bb",0.688
"ocean.dance.",208192,46,"F",0.529
"123",190280,73,"Bb",0.707
"Hello from the Edge of the Earth",214189,51,"Eb",0.558
"Sparky's Dream",195800,24,"Db",0.473
"Hollywood",180600,38,"F",0.605
"In The Morning",143283,44,"Gb",0.803
"Scooby Doo Pa Pa (Remix)",176702,60,"Bb",0.921
"Debora",187760,38,"G",0.215
"I Don't Believe In Love - Remastered 2003",263560,53,"E",0.562
"Ah Yeah",199642,58,"Ab",0.762
"Moves (feat. Snoop Dogg) - Sebastian Perez Remix",168387,2,"A",0.741
"Beautiful Crazy",193200,58,"Ab",0.552
"You Ain't Seen Nothing Yet",232466,53,"Ab",0.479
"La Vida Es Un Carnaval",275253,24,"F",0.82
"My Love (feat. Major Lazer, WizKid, Dua Lipa)",228706,73,"E",0.728
"My Dreams Have All Come True",264407,25,"G",0.519
"Dos Locos",246746,61,"Bb",0.918
"Empty Streets",186857,4,"E",0.657
"What The Hell Happened To Us (feat. Kailee Morgue)",217720,56,"Ab",0.695
"Catch Up (feat. Chief Keef)",190720,69,"Bb",0.62
"I Ain't Done",215060,67,"Bb",0.762
"Break a Leg Kid",192317,1,"A",0.642
"Africa",296173,22,"Gb",0.687
"Alone but Not Alone",197786,31,"E",0.527
"Arsonist's Lullabye",266546,64,"Eb",0.463
"You're The Inspiration - 2006 Remastered Version",229240,72,"Ab",0.583
"That's It (feat. Gucci Mane & 2 Chainz)",207090,1,"A",0.783
"Love Myself",218773,14,"A",0.616
"1960 What?",747222,22,"C",0.511
"Sexy And I Know It",199480,61,"E",0.707
"Livin' the Life",208587,31,"B",0.7
"Lullaby",217486,75,"A",0.727
"YOU",231813,4,"F",0.385
"Love Like Mine",250653,30,"E",0.66
"GOKU",192880,74,"Bb",0.665
"Promises (with Sam Smith)",213309,98,"Ab",0.781
"Waiting Room",173266,61,"Bb",0.616
"Give It Up",245800,63,"C",0.84
"Jump (with Trippie Redd)",207856,78,"G",0.654
"Happier",214289,100,"D",0.687
"Evil",216293,27,"D",0.497
"Soon - Remastered Version",421066,46,"Eb",0.421
"LUCKY PENNY",214266,59,"B",0.698
"This Sixteen - Street Trap Instrumental Mix",207935,33,"Ab",0.564
"Mis Tres Viejas",162386,63,"G",0.908
"Leave Me Alone",195637,69,"E",0.792
"All I Need",235000,51,"Bb",0.82
"The Red",238400,71,"Bb",0.509
"Bust A Move",263914,66,"Db",0.946
"Let's Stay Together",199400,26,"D",0.746
"Days Go By",241786,2,"Gb",0.401
"Rumble",193546,22,"D",0.615
"Susan's House",223800,11,"C",0.736
"Belong To You (feat. 6LACK) - Remix [Bonus Track]",185617,70,"G",0.605
"Run It Back (Freestyle)",159913,57,"A",0.617
"Ginger (feat. Wizkid)",232120,47,"Bb",0.777
"Shot-Gun Boogie",155160,27,"E",0.742
"Go Bang",664573,35,"Bb",0.73
"Fortunate Son",137786,18,"A",0.627
"The Ways (with Swae Lee)",238893,43,"Ab",0.731
"Call on Me - Ryan Riback Remix",222040,71,"A",0.67
"Everyday People",139506,67,"E",0.813
"City of Stars",154858,56,"Eb",0.531
"Harder To Breathe",173693,59,"Bb",0.662
"6:30",213000,74,"Bb",0.757
"Purple Lamborghini",215510,44,"G",0.419
"Blue Eyes Crying in the Rain",138600,57,"Db",0.626
"... And The Hazy Sea",373546,0,"Db",0.225
"Too Cool To Dance",189334,38,"F",0.716
"Just Kids",167666,9,"A",0.425
"Baby Love",158040,68,"A",0.582
"Wonders",215086,33,"Eb",0.881
"Reggaetón Lento (Bailemos)",222560,79,"Db",0.761
"Let 'em Burn",235853,48,"G",0.54
"Atlas",427200,48,"B",0.761
"Kiss an Angel Good Mornin'",123133,45,"Db",0.684
"RideOut",79024,54,"G",0.78
"Mo Gbono Feli Feli",258000,31,"G",0.772
"Ordinary People",281466,70,"G",0.469
"I Don't Want to Wait (Artist's 20th Anniversary Edition)",295000,43,"Eb",0.37
"Hound Dog",136026,71,"A",0.357
"No Te Ilusiones Tanto",202733,59,"D",0.761
"Cupid",220490,53,"A",0.87
"My Dreams Have All Come True",264407,25,"G",0.519
"The Ketchup Song (Asereje) - Spanglish Version",214320,9,"Eb",0.607
"Bulletproof - Tiborg Remix",207733,41,"Ab",0.715
"Take This Job and Shove It",156666,53,"D",0.763
"Girls",189842,53,"A",0.674
"Blind - Radio Edit",345560,61,"E",0.716
"Little Games - St. Lucia Remix",273400,44,"E",0.571
"Heart of Gold",187013,60,"Db",0.542
"Ultralight Beam",320680,73,"F",0.596
"Beg Your Pardon",196000,17,"Gb",0.799
"Oye Como Va",272546,56,"E",0.696
"Rocky",237053,44,"A",0.528
"Drunk Me",213023,79,"B",0.386
"Pt. 2",130293,4,"Ab",0.67
"Bajito",213479,60,"F",0.644
"Reflection",210311,49,"Gb",0.622
"Hill of Cannabiz",171000,46,"Db",0.756
"El Cafe",226077,42,"A",0.7
"Hallelujah",413826,57,"A",0.323
"Baghdad Bushes",192000,47,"Bb",0.824
"Everything You Want Me to Be",204114,52,"F",0.518
"Bleeding Love",262466,81,"D",0.638
"Starboy",230453,85,"E",0.678
"Drive - Remastered",234332,65,"Eb",0.261
"Fabuless",240712,42,"Bb",0.429
"Solitude",177600,68,"D",0.499
"Best for You",189913,42,"Db",0.72
"Beautiful (feat. Camila Cabello) - Bazzi vs. EDX's Ibiza Sunrise Remix",187868,64,"B",0.69
"Proud Mary",187213,30,"B",0.699
"Criminal",341533,3,"E",0.595
"Rock & Roll - 2015 Remastered Full Length Version",283000,43,"D",0.494
"Full Clip",216595,67,"Bb",0.877
"Chains",194570,51,"B",0.381
"Free Smoke",218673,69,"G",0.617
"Da Art of Storytellin' (Pt. 1)",222653,56,"B",0.752
"Obsesion",254720,74,"Bb",0.803
"Taki Taki (with Selena Gomez, Ozuna & Cardi B)",212500,98,"Bb",0.841
"How Deep Is Your Love",212640,77,"Ab",0.738
"Cool Girl",197815,12,"Gb",0.667
"Sleepy Eyes",202886,24,"Eb",0.619
"When My Time Comes",308373,59,"Gb",0.327
"Lucky Strike",208967,78,"B",0.612
"I Am Somebody (feat. Nas)",310693,50,"G",0.706
"Tennessee - Remastered",272706,45,"Bb",0.815
"All Is Well",256681,27,"Ab",0.34
"Beautiful (feat. Camila Cabello)",180000,94,"B",0.638
"Oceans",199948,64,"E",0.752
"Want to Want Me",207719,53,"A",0.775
"Relentless",203026,54,"B",0.682
"Pa La Calle",243487,61,"A",0.695
"Desnúdate Mujer",289906,55,"E",0.727
"Desire Lines",404413,58,"B",0.318
"Rock Your Body",267266,74,"Db",0.891
"Best Life",200265,78,"Bb",0.845
"Always Wonder",223906,56,"C",0.584
"Beautiful Ones (Remastered)",230866,52,"F",0.536
"Yellow",266773,83,"Ab",0.429
"I Think Of You",217786,18,"B",0.733
"Work Out",243180,72,"Bb",0.678
"31 DAYS",240682,72,"Bb",0.875
"comethru",181520,77,"A",0.798
"Live In The Now",262450,46,"Bb",0.431
"High (feat. Elton John)",195160,81,"G",0.759
"Nothing Special",117493,42,"E",0.556
"Anybody (feat. Nicki Minaj)",254946,49,"Ab",0.899
"ATM",216726,77,"F",0.719
"Git Up, Git Out",447026,51,"Db",0.841
"Baba O'Riley",3e+05,75,"D",0.494
"Diez Mil Maneras",213060,64,"A",0.655
"New Noise",310200,4,"Gb",0.686
"I Am The Champion",234933,1,"Bb",0.639
"5 dollars",208293,57,"B",0.726
"The Flute Song",147600,80,"Bb",0.789
"LUCKY PENNY",214266,59,"B",0.698
"Nashnakhteh",270471,8,"E",0.429
"Jardines",316413,35,"Ab",0.547
"High Five",169369,37,"Bb",0.651
"Do It",160306,14,"F",0.708
"Original",246360,63,"Bb",0.798
"Never Meant to Be",175800,55,"E",0.476
"Change My Heart",188413,71,"D",0.657
"Fly Me To The Moon - Remastered",147146,60,"A",0.67
"Into You (feat. Tamia) - Main Mix",295773,67,"E",0.546
"Victory Lap",176893,51,"D",0.537
"Natural",189466,95,"B",0.448
"(No One Knows Me) Like the Piano",218160,67,"G",0.621
"Purity - Interactive Noise Remix",446222,33,"B",0.848
"Eventually",226346,21,"Bb",0.658
"I Like That",200338,60,"A",0.482
"Cao Cao Mani Picao",227760,29,"E",0.726
"Superstar Moves (feat. KAMI)",186051,50,"Bb",0.819
"Sólo Se Vive una Vez",210866,53,"Eb",0.741
"I Won't Let You Down",222440,1,"B",0.755
"JACUZZI",211816,35,"Gb",0.813
"No One Compares To You",184080,72,"Bb",0.703
"Beautiful Undone",203360,43,"G",0.357
"Move Ya Body",232053,53,"Ab",0.864
"Lifeguard",179396,6,"B",0.704
"Dedication (feat. Kendrick Lamar)",245813,0,"F",0.512
"Sin Despertar",195666,55,"Ab",0.672
"Wires",193080,59,"E",0.568
"2 AM",190217,57,"A",0.663
"Moving On",207700,67,"Bb",0.464
"Illegal Smile",193266,33,"A",0.499
"Kicks",195173,17,"G",0.638
"SUPERDUPERKYLE (feat. MadeinTYO)",168813,73,"Eb",0.764
"Lies (feat. Lil Skies)",206386,77,"G",0.779
"Build Me up Buttercup (Re-Recorded)",185480,11,"A",0.707
"Hometown",165714,44,"Gb",0.462
"What About Me (feat. Sosamann)",216961,87,"G",0.784
"U.N.I.T.Y.",251906,57,"Db",0.672
"Shot Down",207106,75,"Eb",0.767
"D.A.N.C.E.",209986,9,"Eb",0.594
"Nefrin",371240,4,"Db",0.255
"Ain't No Easy Way",156813,43,"F",0.532
"Time of Our Lives",229360,79,"Bb",0.72
"Don't You Cry For Me",256333,60,"E",0.41
"The Eton Rifles - Single Edit",208041,6,"Gb",0.424
"Amor y Control",352200,56,"E",0.753
"Loca",183693,66,"Gb",0.8
"Dip",127200,82,"Gb",0.877
"Like I Do",202500,83,"A",0.635
"Angel From Montgomery",224186,36,"A",0.617
"Breathe",207629,47,"Ab",0.722
"Joan of Arc",235245,35,"A",0.644
"Freefall",169846,31,"Ab",0.581
"Honey",213061,54,"C",0.612
"Volvió El Dolor",210680,44,"C",0.684
"RED CARPET (Prod. BOYCOLD)",169242,54,"D",0.78
"Immigrant",232853,68,"Bb",0.671
"Lucky Number",171093,36,"D",0.669
"Deep Down Low",184680,54,"Bb",0.792
"WOW",148125,75,"Eb",0.601
"In My Mind",184560,97,"Eb",0.694
"Rain",202517,62,"G",0.49
"Tell Me - Secrets Mix",281690,56,"Ab",0.748
"Kept Back (feat. Lil Pump)",177651,76,"G",0.907
"POWER",292093,80,"A",0.543
"Here Tonight",216533,73,"Ab",0.517
"Higher",253965,1,"D",0.605
"Cold Blooded",169183,55,"D",0.77
"Hopeless Romantic (feat. Swae Lee)",225483,76,"Gb",0.874
"Space Oddity - 2015 Remastered Version",318813,72,"A",0.299
"El Paciente",211320,53,"C",0.708
"Way Down We Go",219560,71,"G",0.59
"Indian Outlaw",182120,58,"Gb",0.664
"Lights And Sounds",208186,61,"Ab",0.344
"Love Her Too (feat. G-Eazy)",179573,68,"A",0.723
"Walay (My Bae)",218052,48,"E",0.798
"Million Pound Girl (Badder Than Bad) - Edit",246601,54,"Bb",0.605
"Dinosaur",203542,34,"A",0.59
"Hong Kong Garden",175906,15,"A",0.614
"Hold Me Now",286666,52,"E",0.787
"Parc Güell",208000,55,"A",0.166
"Boing Boing (feat. The Seige)",217846,58,"A",0.803
"Forget Myself",322346,10,"B",0.535
"Gives You Hell",213106,71,"Db",0.714
"Everybody Is in the Place - Radio Edit",171696,22,"B",0.609
"Crack The Case",354842,52,"D",0.531
"Calm Before the Storm (Instrumental)",241017,32,"Bb",0.703
"(No One Knows Me) Like the Piano",218160,19,"G",0.619
"McDonalds Rich",172705,40,"Bb",0.854
"Buried Alive",176757,34,"Gb",0.717
"Magenta Riddim",194490,76,"G",0.604
"Bar For Bar",198550,49,"E",0.571
"The Shift",271094,56,"Db",0.546
"Whatever It Takes",201240,86,"G",0.672
"Don't Worry - Radio Edit",190278,59,"Ab",0.431
"Bad Habits",242000,39,"Eb",0.311
"Hello Walls",142626,36,"A",0.596
"Tear This Mother Down (feat. MX2)",157322,55,"E",0.778
"I See Light In You (feat. Faye Medeson)",166867,64,"A",0.636
"Blow That Smoke (feat. Tove Lo)",223000,34,"D",0.719
"TAPE",209386,71,"E",0.566
"Golden Pineapple",188110,18,"Gb",0.667
"Contigo Aprendí",121306,20,"G",0.449
"REEL IT IN",121346,87,"G",0.754
"Dip",127200,82,"Gb",0.877
"Reborn",324674,79,"A",0.585
"Spare Me",154666,59,"Db",0.899
"Release",208000,37,"A",0.538
"We Can't Stop",231240,78,"Bb",0.613
"Isidora",229906,18,"Ab",0.502
"My Woman, My Woman, My Wife",211106,36,"A",0.429
"Waiting On the World to Change",201173,76,"B",0.577
"Soulful",219596,32,"B",0.575
"Barracuda",261933,72,"Db",0.547
"Old Soul - Acoustic",282659,23,"B",0.296
"Honey All Over",196022,28,"B",0.579
"I Got You (I Feel Good)",167346,20,"E",0.573
"Tints (feat. Kendrick Lamar)",269106,82,"Bb",0.798
"Who We Are?",215488,58,"A",0.479
"My Generation - Stereo Version",198706,69,"B",0.397
"Talaagh",288533,25,"Gb",0.56
"Midnight",192960,24,"B",0.691
"All About U (ft. Nate Dogg, Snoop Dogg, Fatal & Yani Hadati)",276813,26,"Ab",0.856
"Been Calling",196800,60,"D",0.743
"What Lovers Do (feat. SZA)",199849,79,"D",0.799
"Woke Up Late",182454,58,"D",0.695
"THIS OLE BOY",196141,0,"F",0.516
"Runnin' With The Devil - 2015 Remastered Version",214960,69,"F",0.472
"Black Skinhead",188013,76,"Bb",0.775
"Kind & Generous",241013,59,"C",0.593
"Chop Suey!",210240,69,"E",0.42
"NO TIME",243784,57,"G",0.583
"Tu Eres Ajena",241666,2,"A",0.918
"Light My Fire",429760,71,"C",0.413
"Original Dreamers",255310,37,"Eb",0.754
"Para Amarnos Más",208253,65,"C",0.521
"She's so High",224693,73,"Gb",0.537
"Mr. Brightside",222586,80,"Bb",0.33
"Runaway (U & I)",227073,62,"Bb",0.506
"Maze Rearrange",127520,27,"E",0.336
"I Know There's Gonna Be (Good Times)",213622,62,"Ab",0.458
"Coolaroonehh.",99200,50,"Gb",0.585
"Boogaloo Blues",331868,33,"A",0.744
"Cop Outs and Cover Ups",187655,41,"F",0.459
"Almost Like Praying (feat. Artists for Puerto Rico) - Salsa Remix",194983,36,"D",0.499
"Her Name Is...",138800,29,"E",0.565
